time,hr,dist,speed
0,122,,0
1,122,1.58,
2,122,3.28,1.7
3,122,5.1,1.82
4,122,7.04,1.94
5,122,9.1,2.06
6,122,11.19,2.09
7,123,13.32,2.13
8,124,15.47,2.15
9,127,17.66,2.19
10,127,19.87,2.21
11,128,22.09,2.22
12,129,24.34,2.25
13,130,26.6,2.26
14,128,28.88,2.28
15,129,31.18,2.3
16,129,33.48,2.3
17,130,35.8,2.32
18,131,38.13,2.33
19,133,40.47,2.34
20,133,42.81,2.34
21,134,45.15,2.34
22,135,47.47,2.32
23,135,49.82,2.34999999999999
24,135,52.19,2.37
25,135,54.67,2.48
26,136,57.18,2.51
27,136,59.78,2.60000000000001
28,137,62.4,2.62
29,138,65.03,2.63
30,138,67.68,2.65000000000001
31,139,70.33,2.64999999999999
32,139,72.99,2.66
33,140,75.66,2.67000000000002
34,140,78.37,2.70999999999999
35,140,81.07,2.7
36,140,83.85,2.78
37,140,86.66,2.80999999999999
38,140,89.47,2.81000000000002
39,137,92.27,2.8
40,137,95.07,2.8
41,138,97.86,2.78999999999999
42,138,100.65,2.79000000000001
43,138,103.44,2.78999999999999
44,144,106.2,2.76000000000001
45,144,108.97,2.77000000000001
46,144,111.71,2.73999999999999
47,144,114.45,2.74000000000001
48,144,117.19,2.73999999999999
49,145,119.91,2.72
50,145,122.61,2.7
51,145,125.3,2.69000000000001
52,145,127.97,2.66999999999997
53,145,130.64,2.67000000000002
54,145,133.28,2.63999999999999
55,145,135.9,2.62000000000003
56,145,138.53,2.62999999999997
57,145,141.14,2.61000000000001
58,145,143.75,2.61000000000001
59,146,146.35,2.59999999999997
60,146,148.95,2.59999999999999
61,146,151.55,2.60000000000002
62,146,154.16,2.61000000000001
63,146,156.77,2.60999999999999
64,146,159.41,2.64000000000001
65,146,162.04,2.63
66,146,164.69,2.64999999999998
67,147,167.37,2.68000000000001
68,147,170.04,2.67000000000002
69,147,172.7,2.66
70,147,175.4,2.70000000000002
71,147,178.12,2.72
72,147,180.84,2.72
73,147,183.63,2.78999999999999
74,146,186.44,2.81
75,146,189.34,2.89999999999998
76,146,192.26,2.92000000000002
77,146,195.22,2.95999999999998
78,146,198.19,2.97
79,146,201.15,2.96000000000004
80,146,204.14,2.98999999999998
81,146,207.12,2.98000000000002
82,146,210.12,3
83,146,213.11,2.98999999999998
84,145,216.08,2.97
85,145,219.06,2.97999999999999
86,146,222.03,2.97
87,146,224.97,2.94000000000003
88,146,227.9,2.92999999999998
89,145,230.83,2.93000000000001
90,145,233.75,2.91999999999999
91,145,236.67,2.92000000000002
92,146,239.59,2.92000000000002
93,146,242.51,2.91999999999999
94,145,245.42,2.91
95,145,248.34,2.92000000000002
96,145,251.24,2.89999999999998
97,145,254.12,2.88
98,145,256.98,2.86000000000001
99,144,259.82,2.83999999999997
100,144,262.65,2.82999999999998
101,144,265.45,2.80000000000007
102,144,268.26,2.80999999999995
103,144,271.07,2.81000000000006
104,145,273.88,2.80999999999995
105,145,276.7,2.81999999999999
106,145,279.53,2.82999999999998
107,145,282.36,2.83000000000004
108,145,285.2,2.83999999999997
109,148,288.05,2.85000000000002
110,148,290.91,2.86000000000001
111,148,293.77,2.86000000000001
112,148,296.62,2.85000000000002
113,148,299.44,2.81999999999999
114,148,302.27,2.82999999999998
115,152,305.08,2.81
116,152,307.89,2.81
117,152,310.69,2.79999999999995
118,152,313.5,2.81
119,152,316.31,2.81000000000006
120,153,319.14,2.82999999999998
121,153,321.97,2.82999999999998
122,153,324.82,2.85000000000002
123,153,327.67,2.84999999999997
124,153,330.54,2.87
125,152,333.4,2.86000000000001
126,152,336.29,2.88999999999999
127,152,339.19,2.90000000000003
128,152,342.08,2.88999999999999
129,152,345,2.92000000000002
130,147,347.94,2.94
131,147,350.88,2.94
132,147,353.84,2.95999999999998
133,147,356.79,2.95000000000005
134,147,359.77,2.97999999999996
135,144,362.74,2.96999999999997
136,144,365.69,2.94999999999999
137,144,368.63,2.94
138,144,371.58,2.95000000000005
139,144,374.54,2.95999999999998
140,148,377.48,2.94
141,148,380.44,2.96000000000004
142,148,383.4,2.95999999999998
143,148,386.35,2.94999999999999
144,148,389.31,2.96000000000004
145,153,392.28,2.96999999999997
146,153,395.25,2.97000000000003
147,153,398.2,2.94999999999999
148,153,401.15,2.94999999999999
149,153,404.09,2.94
150,151,407.01,2.92000000000002
151,151,409.92,2.90999999999997
152,151,412.83,2.91000000000002
153,151,415.78,2.94999999999999
154,151,418.73,2.94999999999999
155,151,421.72,2.99000000000001
156,151,424.74,3.02000000000004
157,154,427.77,3.02999999999997
158,154,430.84,3.06999999999999
159,154,433.93,3.09000000000003
160,154,437.03,3.09999999999997
161,154,440.14,3.11000000000001
162,154,443.25,3.11000000000001
163,154,446.33,3.07999999999998
164,154,449.41,3.07999999999998
165,154,452.49,3.08000000000004
166,154,455.52,3.02999999999997
167,152,458.53,3.00999999999999
168,152,461.51,2.98000000000002
169,152,464.45,2.94
170,152,467.35,2.89999999999998
171,152,470.21,2.86000000000001
172,152,473.04,2.82999999999998
173,152,475.84,2.80000000000001
174,152,478.63,2.79000000000002
175,152,481.37,2.73999999999995
176,152,484.1,2.73000000000002
177,152,486.83,2.73000000000002
178,150,489.54,2.70999999999998
179,150,492.26,2.72000000000003
180,150,494.99,2.73000000000002
181,150,497.72,2.72999999999996
182,150,500.46,2.74000000000001
183,149,503.22,2.75999999999999
184,149,505.99,2.77000000000004
185,149,508.76,2.76999999999992
186,149,511.55,2.79000000000008
187,149,514.36,2.80999999999995
188,148,517.16,2.80000000000007
189,148,519.97,2.80999999999995
190,148,522.76,2.78999999999996
191,148,525.54,2.77999999999997
192,148,528.29,2.75000000000011
193,148,531.03,2.7399999999999
194,148,533.78,2.75000000000011
195,148,536.52,2.7399999999999
196,148,539.26,2.74000000000012
197,148,541.99,2.73000000000002
198,151,544.71,2.71999999999991
199,151,547.4,2.68999999999994
200,151,550.07,2.67000000000007
201,151,552.69,2.62
202,151,555.29,2.60000000000002
203,152,557.86,2.56999999999994
204,152,560.4,2.53999999999996
205,152,562.89,2.49000000000001
206,152,565.36,2.47000000000014
207,152,567.65,2.28999999999996
208,152,569.77,2.11999999999989
209,150,571.73,1.96000000000004
210,150,573.53,1.80000000000007
211,150,575.2,1.66999999999996
212,150,577.01,1.80999999999995
213,150,578.94,1.93000000000006
214,154,581.02,2.08000000000004
215,154,583.24,2.22000000000003
216,154,585.62,2.37999999999988
217,154,588.03,2.41000000000008
218,154,590.47,2.43999999999994
219,157,592.93,2.46000000000004
220,157,595.41,2.4799999999999
221,157,597.91,2.50000000000011
222,157,600.44,2.52999999999997
223,157,603.01,2.56999999999994
224,156,605.6,2.59000000000003
225,156,608.22,2.62000000000012
226,156,610.85,2.62999999999988
227,156,613.54,2.69000000000005
228,156,616.26,2.71999999999991
229,158,618.97,2.71000000000004
230,158,621.7,2.73000000000002
231,158,624.5,2.79999999999995
232,158,627.29,2.78999999999996
233,158,630.09,2.80000000000007
234,158,632.92,2.83000000000004
235,158,635.75,2.82999999999993
236,158,638.58,2.83000000000004
237,158,641.51,2.92999999999995
238,158,644.44,2.93000000000006
239,158,647.38,2.94000000000005
240,156,650.33,2.94999999999993
241,156,653.27,2.93999999999994
242,156,656.22,2.95000000000005
243,156,659.16,2.94000000000005
244,156,662.11,2.95000000000005
245,153,665.05,2.93999999999994
246,153,668,2.94999999999993
247,153,670.94,2.94000000000005
248,153,673.89,2.95000000000005
249,153,676.83,2.93999999999994
250,153,679.78,2.95000000000005
251,153,682.7,2.91999999999996
252,153,685.62,2.91999999999996
253,153,688.53,2.91000000000008
254,153,691.44,2.90999999999997
255,153,694.32,2.88
256,153,697.2,2.88
257,153,700.06,2.86000000000001
258,153,702.92,2.86000000000001
259,153,705.76,2.84000000000003
260,154,708.61,2.85000000000002
261,154,711.42,2.80999999999995
262,154,714.23,2.80999999999995
263,154,717.04,2.80999999999995
264,154,719.87,2.83000000000004
265,154,722.72,2.85000000000002
266,154,725.62,2.89999999999998
267,154,728.57,2.95000000000005
268,154,731.57,3
269,154,734.6,3.02999999999997
270,152,737.65,3.04999999999995
271,152,740.72,3.07000000000005
272,152,743.8,3.08000000000004
273,152,746.87,3.06999999999994
274,152,749.95,3.08000000000015
275,152,753.03,3.07999999999993
276,152,756.08,3.04999999999995
277,150,759.13,3.05000000000007
278,150,762.18,3.04999999999995
279,150,765.24,3.05999999999995
280,150,768.32,3.08000000000015
281,150,771.42,3.09999999999991
282,147,774.54,3.12
283,147,777.72,3.17999999999995
284,147,780.9,3.18000000000006
285,147,784.14,3.24000000000001
286,147,787.39,3.24999999999989
287,144,790.64,3.25
288,144,793.9,3.2600000000001
289,144,797.17,3.26999999999998
290,144,800.41,3.24000000000001
291,144,803.65,3.24000000000001
292,145,806.87,3.22000000000003
292,145,806.87,
293,145,810.08,3.20999999999992
294,145,813.27,3.19000000000005
295,145,816.46,3.18999999999994
296,145,819.64,3.17999999999995
297,145,822.79,3.15000000000009
298,145,825.95,3.15999999999997
299,145,829.11,3.15999999999997
300,145,832.27,3.16000000000008
301,145,835.44,3.16999999999996
302,143,838.62,3.17999999999995
303,143,841.8,3.18000000000006
304,143,844.98,3.17999999999995
305,143,848.15,3.17000000000007
306,143,851.33,3.17999999999995
307,143,854.49,3.16000000000008
308,143,857.66,3.16999999999996
309,143,860.84,3.17999999999995
310,143,864.01,3.17000000000007
311,143,867.19,3.17999999999995
312,145,870.35,3.15999999999997
313,145,873.51,3.16000000000008
314,145,876.68,3.17000000000007
315,145,879.84,3.15999999999985
316,145,883.01,3.17000000000007
317,146,886.15,3.13999999999999
318,146,889.3,3.14999999999998
319,146,892.46,3.15999999999997
320,146,895.61,3.15000000000009
321,146,898.76,3.14999999999998
322,144,901.9,3.13999999999999
323,144,905.04,3.13999999999999
324,144,908.2,3.16000000000008
325,144,911.37,3.16999999999996
326,144,914.53,3.15999999999997
327,144,917.69,3.16000000000008
328,144,920.85,3.15999999999985
329,144,924.02,3.17000000000007
330,144,927.19,3.16999999999996
331,144,930.35,3.16000000000008
332,148,933.54,3.18999999999994
333,148,936.72,3.18000000000006
334,148,939.9,3.17999999999995
335,148,943.09,3.19000000000005
336,148,946.28,3.18999999999994
337,150,946.28,
338,150,946.28,
339,150,946.28,
340,150,946.28,
341,150,946.28,
342,151,946.28,
343,151,946.28,
344,151,946.28,
345,151,946.28,
346,151,946.28,
347,151,946.28,
348,151,946.28,
349,151,946.28,
350,151,946.28,
351,151,946.28,
352,150,946.28,
353,150,949.45,3.17000000000007
354,150,952.61,3.15999999999985
355,150,955.78,3.17000000000007
356,150,958.93,3.14999999999998
357,150,962.07,3.13999999999999
358,152,965.22,3.14999999999998
359,152,968.37,3.15000000000009
360,152,971.52,3.14999999999998
361,152,974.65,3.13
362,152,977.77,3.11999999999989
363,152,980.86,3.09000000000003
364,152,983.97,3.11000000000013
365,152,987.04,3.06999999999994
366,152,990.1,3.06000000000006
367,152,993.17,3.06999999999994
368,152,996.22,3.05000000000007
369,152,999.22,3
369.259,152,1000,3.0115830115823
370,152,1002.23,3.00944669365746
371,152,1005.21,2.98000000000002
372,152,1008.15,2.93999999999994
373,152,1011.1,2.95000000000005
374,152,1014.02,2.91999999999996
375,152,1016.94,2.92000000000007
376,152,1019.86,2.91999999999985
377,152,1022.78,2.91999999999996
378,152,1025.7,2.92000000000007
379,152,1028.61,2.91000000000008
380,152,1031.54,2.93000000000006
381,152,1034.47,2.92999999999984
382,152,1037.37,2.90000000000009
383,152,1040.29,2.92000000000007
384,152,1043.2,2.90999999999985
385,152,1046.11,2.91000000000008
386,152,1048.99,2.87999999999988
387,152,1051.86,2.87000000000012
388,151,1054.74,2.87999999999988
389,151,1057.61,2.87000000000012
390,151,1060.48,2.86999999999989
391,151,1063.38,2.89999999999986
392,151,1066.29,2.91000000000031
393,151,1069.2,2.90999999999985
394,151,1072.15,2.95000000000005
395,151,1075.12,2.97000000000003
396,151,1078.11,2.99000000000001
397,151,1081.08,2.9699999999998
398,151,1084.06,2.98000000000002
399,151,1087.04,2.98000000000002
400,153,1090.04,3.00000000000023
401,153,1093.02,2.98000000000002
402,153,1096.01,2.99000000000001
403,153,1099.01,2.99999999999977
404,153,1102.02,3.00999999999999
405,151,1105.02,3.00000000000023
406,151,1108.03,3.00999999999976
407,151,1111.06,3.0300000000002
408,151,1114.1,3.03999999999996
409,151,1117.15,3.04999999999995
410,153,1120.19,3.03999999999996
411,153,1123.25,3.05999999999995
412,153,1126.3,3.05000000000018
413,153,1129.36,3.05999999999995
414,153,1132.4,3.03999999999996
415,151,1135.43,3.02999999999997
416,151,1138.47,3.03999999999996
417,151,1141.5,3.0300000000002
418,151,1144.53,3.02999999999975
419,151,1147.55,3.02000000000021
420,147,1150.58,3.02999999999997
421,147,1153.58,3
422,147,1156.58,3
423,147,1159.58,3
424,147,1162.59,3.00999999999976
425,154,1165.59,3.00000000000023
426,154,1168.58,2.99000000000001
427,154,1171.57,2.98999999999978
428,154,1174.54,2.97000000000025
429,154,1177.5,2.95999999999981
430,157,1180.44,2.94000000000005
431,157,1183.38,2.94000000000005
432,157,1186.29,2.90999999999985
433,157,1189.18,2.8900000000001
434,157,1192.08,2.89999999999986
435,161,1194.98,2.90000000000032
436,161,1197.89,2.90999999999985
437,161,1200.8,2.91000000000008
438,161,1203.72,2.91999999999985
439,161,1206.66,2.94000000000005
440,164,1209.6,2.93999999999983
441,164,1212.53,2.93000000000029
442,164,1215.46,2.93000000000006
443,164,1218.38,2.91999999999985
444,164,1221.28,2.90000000000009
445,158,1224.17,2.8900000000001
446,158,1227.04,2.86999999999989
447,158,1229.9,2.8599999999999
448,158,1232.77,2.87000000000012
449,158,1235.63,2.8599999999999
450,157,1238.5,2.87000000000012
451,157,1241.37,2.86999999999989
452,157,1244.25,2.87999999999988
453,157,1247.16,2.91000000000008
454,157,1250.07,2.90999999999985
455,157,1253,2.93000000000006
456,157,1255.93,2.93000000000029
457,157,1258.84,2.90999999999985
458,157,1261.75,2.91000000000008
459,157,1264.66,2.90999999999985
460,154,1267.57,2.91000000000008
461,154,1270.5,2.93000000000006
462,154,1273.41,2.90999999999985
463,154,1276.33,2.92000000000007
464,154,1279.26,2.92999999999984
465,150,1282.18,2.92000000000007
466,150,1285.1,2.92000000000007
467,150,1288.04,2.93999999999983
468,150,1291,2.96000000000026
469,150,1293.95,2.94999999999982
470,153,1296.91,2.96000000000004
471,153,1299.88,2.97000000000003
472,153,1302.85,2.97000000000003
473,153,1305.81,2.96000000000004
474,153,1308.76,2.95000000000005
475,157,1311.72,2.95999999999981
476,157,1314.66,2.94000000000005
477,157,1317.6,2.94000000000005
478,157,1320.54,2.93999999999983
479,157,1323.47,2.93000000000029
480,154,1326.43,2.95999999999981
481,154,1329.4,2.97000000000003
482,154,1332.37,2.97000000000003
483,154,1335.35,2.98000000000002
484,154,1338.3,2.94999999999982
485,156,1341.25,2.95000000000005
486,156,1344.18,2.93000000000006
487,156,1347.08,2.90000000000009
488,156,1349.98,2.90000000000009
489,156,1352.87,2.88999999999987
490,163,1355.75,2.87999999999988
491,163,1358.64,2.8900000000001
492,163,1361.52,2.87999999999988
493,163,1364.4,2.88000000000011
494,163,1367.28,2.87999999999988
495,172,1370.18,2.90000000000009
496,172,1373.08,2.90000000000009
497,172,1375.98,2.90000000000009
498,172,1378.87,2.88999999999987
499,172,1381.74,2.87000000000012
500,175,1384.59,2.84999999999991
501,175,1387.44,2.84999999999991
502,175,1390.28,2.84000000000015
503,175,1393.11,2.82999999999993
504,175,1395.93,2.81999999999994
505,178,1398.75,2.82000000000016
506,178,1401.57,2.81999999999994
507,178,1404.4,2.82999999999993
508,178,1407.19,2.78999999999996
509,178,1409.99,2.79999999999995
510,177,1412.76,2.76999999999998
511,177,1415.5,2.74000000000024
512,177,1418.25,2.74999999999977
513,177,1420.96,2.71000000000026
514,177,1423.67,2.71000000000004
515,176,1426.38,2.70999999999981
516,176,1429.19,2.81000000000017
517,176,1432.05,2.85999999999967
518,176,1434.94,2.8900000000001
519,176,1437.87,2.93000000000006
520,176,1440.84,2.97000000000003
521,176,1443.84,2.99999999999977
522,176,1446.87,3.0300000000002
523,176,1449.9,3.02999999999997
524,176,1452.93,3.02999999999997
525,178,1455.96,3.02999999999997
526,178,1458.98,3.02000000000021
527,178,1462,3.01999999999998
528,178,1464.99,2.98999999999978
529,178,1467.98,2.99000000000001
530,176,1470.97,2.99000000000001
531,176,1473.97,3.00000000000023
532,176,1476.93,2.95999999999981
533,176,1479.9,2.97000000000025
534,176,1482.89,2.98999999999978
535,176,1485.86,2.97000000000003
536,176,1488.84,2.98000000000002
537,176,1491.83,2.99000000000001
538,176,1494.82,2.98999999999978
539,176,1497.78,2.96000000000026
540,176,1500.71,2.93000000000006
541,176,1503.63,2.91999999999985
542,176,1506.53,2.90000000000009
543,176,1509.42,2.8900000000001
544,176,1512.34,2.91999999999962
545,177,1515.33,2.99000000000024
546,177,1518.38,3.04999999999995
547,177,1521.46,3.07999999999993
548,177,1524.54,3.08000000000015
549,177,1527.62,3.07999999999993
550,176,1530.71,3.08999999999992
551,176,1533.77,3.05999999999995
552,176,1536.83,3.06000000000017
553,176,1539.93,3.09999999999991
554,176,1543.03,3.10000000000014
555,176,1546.13,3.10000000000014
556,176,1549.26,3.12999999999965
557,176,1552.4,3.14000000000033
558,176,1555.55,3.14999999999986
559,176,1558.69,3.13999999999987
560,176,1561.84,3.15000000000009
561,176,1565,3.16000000000008
562,176,1568.15,3.14999999999986
562,176,1568.15,
563,176,1571.29,3.13999999999987
564,176,1574.43,3.14000000000033
565,175,1577.56,3.12999999999988
566,175,1580.66,3.09999999999991
567,175,1583.75,3.09000000000015
568,175,1586.82,3.06999999999994
569,175,1589.89,3.06999999999994
570,176,1592.95,3.05999999999995
571,176,1596,3.04999999999995
572,176,1599.04,3.04000000000019
573,176,1602.05,3.00999999999999
574,176,1605.05,3
575,176,1608.04,2.99000000000001
576,176,1611.01,2.9699999999998
577,176,1614,2.99000000000001
578,176,1616.98,2.98000000000002
579,176,1619.96,2.98000000000002
580,176,1622.94,2.98000000000002
581,176,1625.93,2.99000000000001
582,176,1628.91,2.98000000000002
583,176,1631.91,3
584,176,1634.91,3
585,178,1637.93,3.01999999999998
586,178,1640.96,3.0300000000002
587,178,1644,3.03999999999996
588,178,1647.04,3.03999999999974
589,178,1650.1,3.06000000000017
590,177,1653.16,3.05999999999995
591,177,1656.23,3.06999999999994
592,177,1659.31,3.08000000000015
593,177,1662.38,3.06999999999994
594,177,1665.48,3.09999999999991
595,177,1668.59,3.11000000000013
596,177,1671.69,3.09999999999991
597,177,1674.82,3.13000000000011
598,177,1677.95,3.12999999999988
599,177,1681.11,3.16000000000008
600,178,1684.3,3.19000000000005
601,178,1687.5,3.20000000000005
602,178,1690.68,3.18000000000006
603,178,1693.89,3.20999999999981
604,178,1697.1,3.21000000000004
605,179,1700.32,3.22000000000003
606,179,1703.54,3.2199999999998
607,179,1706.73,3.19000000000005
608,179,1709.93,3.20000000000005
609,179,1713.04,3.11000000000013
610,181,1716.12,3.07999999999993
611,181,1719.18,3.05999999999995
612,181,1722.24,3.06000000000017
613,181,1725.26,3.01999999999998
614,181,1728.29,3.02999999999997
615,181,1731.29,3
616,181,1734.29,3
617,181,1737.28,2.99000000000001
618,181,1740.26,2.98000000000002
619,181,1743.24,2.98000000000002
620,180,1746.2,2.96000000000004
621,180,1749.17,2.9699999999998
622,180,1752.15,2.98000000000002
623,180,1755.09,2.94000000000005
624,180,1758.04,2.94999999999982
625,178,1761,2.96000000000026
626,178,1763.93,2.93000000000006
627,178,1766.85,2.92000000000007
628,178,1769.77,2.91999999999962
629,178,1772.68,2.91000000000031
630,177,1775.57,2.88999999999987
631,177,1778.48,2.90999999999985
632,177,1781.4,2.92000000000007
633,177,1784.31,2.91000000000008
634,177,1787.22,2.91000000000008
635,177,1790.11,2.88999999999987
636,177,1793,2.8900000000001
637,177,1795.87,2.86999999999989
638,177,1798.73,2.86000000000013
639,177,1801.57,2.83999999999992
640,177,1804.41,2.83999999999992
641,177,1807.24,2.83000000000015
642,177,1810.07,2.82999999999993
643,177,1812.9,2.82999999999993
644,177,1815.73,2.82999999999993
645,178,1818.55,2.82000000000016
646,178,1821.33,2.77999999999997
647,178,1824.06,2.73000000000002
648,178,1826.76,2.70000000000005
649,178,1829.45,2.69000000000005
650,179,1832.14,2.68999999999983
651,179,1834.81,2.66999999999985
652,179,1837.51,2.70000000000027
653,179,1840.21,2.69999999999982
654,179,1842.93,2.72000000000025
655,179,1845.68,2.75
656,179,1848.47,2.78999999999974
657,179,1851.27,2.80000000000018
658,179,1854.1,2.82999999999993
659,179,1856.92,2.81999999999994
660,178,1859.73,2.80999999999995
661,178,1862.57,2.84000000000015
662,178,1865.42,2.84999999999991
663,178,1868.31,2.8900000000001
664,178,1871.25,2.93999999999983
665,176,1874.24,2.99000000000024
666,176,1877.27,3.02999999999997
667,176,1880.33,3.05999999999995
668,176,1883.42,3.08999999999992
669,176,1886.5,3.07999999999993
670,172,1889.57,3.07000000000016
671,172,1892.65,3.07999999999993
672,172,1895.73,3.08000000000015
673,172,1898.81,3.07999999999993
674,172,1901.87,3.05999999999995
675,173,1904.94,3.06999999999994
676,173,1908.01,3.07000000000016
677,173,1911.07,3.05999999999972
678,173,1914.1,3.0300000000002
679,173,1917.14,3.03999999999996
680,174,1920.18,3.04000000000019
681,174,1923.22,3.03999999999996
682,174,1926.26,3.03999999999974
683,174,1929.31,3.05000000000018
684,174,1932.38,3.06999999999994
685,174,1935.45,3.06999999999994
686,174,1938.53,3.08000000000015
687,174,1941.61,3.07999999999993
688,174,1944.68,3.07000000000016
689,174,1947.75,3.06999999999971
690,179,1950.8,3.05000000000018
691,179,1953.84,3.03999999999996
692,179,1956.88,3.03999999999996
693,179,1959.93,3.04999999999995
694,179,1963,3.06999999999994
695,180,1966.12,3.12000000000012
696,180,1969.25,3.13000000000011
697,180,1972.41,3.16000000000008
698,180,1975.57,3.15999999999985
699,180,1978.72,3.15000000000009
700,179,1981.86,3.13999999999987
701,179,1984.99,3.13000000000011
702,179,1988.14,3.15000000000009
703,179,1991.3,3.15999999999985
704,179,1994.5,3.20000000000005
705,176,1997.72,3.22000000000003
705.71,176,2000,3.21126760563328
706,176,2000.93,3.20689655172554
707,176,2004.21,3.27999999999975
708,176,2007.48,3.27000000000021
709,176,2010.75,3.26999999999998
710,172,2014.02,3.27000000000021
711,172,2017.3,3.27999999999975
712,172,2020.57,3.26999999999998
713,172,2023.84,3.27000000000021
714,172,2027.11,3.26999999999953
715,174,2030.36,3.25000000000045
716,174,2033.61,3.25
717,174,2036.87,3.25999999999954
718,174,2040.14,3.27000000000021
719,174,2043.4,3.25999999999999
720,174,2046.68,3.2800000000002
721,169,2049.95,3.26999999999998
722,169,2053.2,3.25
723,169,2056.47,3.26999999999953
724,169,2059.71,3.24000000000069
725,169,2062.94,3.22999999999956
726,176,2066.19,3.25
727,176,2069.42,3.23000000000002
728,176,2072.65,3.23000000000047
729,176,2075.9,3.24999999999955
730,176,2079.14,3.24000000000024
731,176,2082.36,3.2199999999998
732,176,2085.61,3.25
733,176,2088.84,3.23000000000002
734,176,2092.05,3.21000000000004
735,176,2095.28,3.23000000000002
736,176,2098.48,3.20000000000027
737,176,2101.68,3.19999999999936
738,176,2104.88,3.20000000000027
739,176,2108.06,3.17999999999984
740,176,2111.24,3.17999999999984
741,162,2114.42,3.18000000000029
742,162,2117.58,3.16000000000031
743,162,2120.73,3.14999999999964
744,162,2123.86,3.13000000000011
745,162,2126.99,3.13000000000011
746,154,2130.11,3.11999999999989
747,154,2133.25,3.14000000000033
748,154,2136.4,3.14999999999964
749,154,2139.55,3.15000000000009
750,154,2142.71,3.15999999999985
751,161,2145.86,3.15000000000009
752,161,2149,3.13999999999987
753,161,2152.13,3.13000000000011
754,161,2155.25,3.11999999999989
755,161,2158.36,3.11000000000013
756,163,2161.48,3.11999999999989
757,163,2164.61,3.13000000000011
758,163,2167.72,3.11000000000013
759,163,2170.82,3.09999999999991
760,163,2173.89,3.07000000000016
761,163,2176.95,3.05999999999995
762,156,2180,3.04999999999973
763,156,2183.04,3.03999999999996
764,156,2186.14,3.09999999999991
765,156,2189.25,3.11000000000058
766,156,2192.39,3.13999999999942
767,168,2195.54,3.15000000000055
768,168,2198.7,3.15999999999985
769,168,2201.89,3.19000000000005
770,168,2205.08,3.1899999999996
771,168,2208.28,3.20000000000027
772,164,2211.44,3.15999999999985
773,164,2214.57,3.13000000000011
774,164,2217.66,3.08999999999969
775,164,2220.7,3.04000000000042
776,164,2223.69,2.99000000000024
777,167,2226.67,2.98000000000002
778,167,2229.68,3.00999999999976
779,167,2232.72,3.03999999999996
780,167,2235.77,3.04999999999973
781,167,2238.83,3.05999999999995
782,156,2241.92,3.0900000000006
783,156,2245,3.07999999999947
784,156,2248.07,3.07000000000016
785,156,2251.15,3.07999999999993
786,156,2254.21,3.05999999999995
787,156,2257.27,3.05999999999995
788,151,2260.34,3.07000000000016
789,151,2263.4,3.05999999999995
790,151,2266.47,3.06999999999971
791,151,2269.53,3.0600000000004
792,151,2272.6,3.07000000000016
793,154,2275.66,3.05999999999995
794,154,2278.72,3.05999999999995
795,154,2281.79,3.06999999999971
796,154,2284.86,3.07000000000016
797,154,2287.93,3.07000000000016
798,148,2291.02,3.08999999999969
799,148,2294.11,3.09000000000015
800,148,2297.2,3.09000000000015
801,148,2300.29,3.09000000000015
802,148,2303.36,3.06999999999971
803,140,2306.45,3.09000000000015
804,140,2309.54,3.08999999999969
805,140,2312.62,3.08000000000038
806,140,2315.72,3.09999999999991
807,140,2318.81,3.08999999999969
808,149,2321.89,3.08000000000038
809,149,2324.96,3.07000000000016
810,149,2328.03,3.06999999999971
811,149,2331.09,3.05999999999995
812,149,2334.14,3.05000000000018
813,152,2337.18,3.03999999999951
814,152,2340.22,3.04000000000042
815,152,2343.22,3
816,152,2346.22,3
817,152,2349.19,2.9699999999998
818,152,2352.18,2.99000000000024
819,151,2355.16,2.98000000000002
820,151,2358.13,2.9699999999998
821,151,2361.1,2.9699999999998
822,151,2364.04,2.94000000000005
823,147,2366.98,2.94000000000051
824,147,2369.93,2.94999999999982
825,147,2372.88,2.94999999999982
826,147,2375.83,2.94999999999982
826,147,2375.83,
827,147,2378.8,2.97000000000025
828,147,2381.75,2.95000000000027
829,144,2384.7,2.94999999999936
830,144,2387.64,2.94000000000051
831,144,2390.54,2.89999999999964
832,144,2393.42,2.88000000000056
833,144,2396.29,2.86999999999944
834,142,2399.15,2.86000000000013
835,142,2402.02,2.87000000000035
836,142,2404.89,2.86999999999989
837,142,2407.76,2.86999999999989
838,142,2410.66,2.89999999999964
839,146,2413.55,2.89000000000033
840,146,2416.44,2.88999999999987
841,146,2419.36,2.92000000000007
842,146,2422.27,2.90999999999985
843,146,2425.19,2.92000000000007
844,146,2428.13,2.94000000000051
845,154,2431.07,2.9399999999996
846,154,2434,2.92999999999984
847,154,2436.96,2.96000000000004
848,154,2439.91,2.95000000000027
849,158,2442.86,2.94999999999982
850,158,2445.82,2.96000000000004
851,158,2448.76,2.94000000000005
852,158,2451.7,2.94000000000005
853,158,2454.62,2.92000000000007
854,156,2457.52,2.89999999999964
855,156,2460.42,2.90000000000009
856,156,2463.3,2.88000000000011
857,156,2466.18,2.87999999999965
858,156,2469.04,2.86000000000013
859,149,2471.88,2.84000000000015
860,149,2474.68,2.80000000000018
861,149,2477.46,2.77999999999975
862,149,2479.94,2.48000000000002
863,149,2482.21,2.26999999999998
864,149,2484.23,2.01999999999998
865,136,2486.04,1.80999999999995
866,135,2487.62,1.58000000000038
867,135,2489.19,1.56999999999971
868,135,2490.75,1.5600000000004
869,134,2492.3,1.54999999999973
870,129,2493.84,1.53999999999996
871,129,2495.39,1.54999999999973
872,129,2496.93,1.54000000000042
873,127,2498.48,1.55000000000018
874,127,2500.02,1.53999999999951
875,126,2501.55,1.5300000000002
876,125,2503.07,1.51999999999998
877,124,2504.54,1.4699999999998
878,124,2505.97,1.43000000000029
879,123,2507.38,1.41000000000031
880,123,2508.73,1.34999999999991
881,122,2510.06,1.32999999999993
882,121,2511.41,1.34999999999991
883,120,2512.77,1.35999999999967
884,119,2514.15,1.38000000000056
885,119,2515.54,1.38999999999942
886,116,2516.97,1.43000000000029
887,115,2518.32,1.34999999999991
888,115,2519.68,1.36000000000013
889,114,2521.03,1.34999999999991
890,114,2522.36,1.33000000000038
891,108,2523.69,1.32999999999947
892,108,2525.03,1.34000000000015
893,108,2526.36,1.33000000000038
894,106,2527.72,1.35999999999967
895,105,2529.1,1.37999999999965
896,102,2530.65,1.55000000000018
897,102,2532.39,1.74000000000024
898,102,2534.3,1.90999999999985
899,103,2536.43,2.13000000000011
900,104,2538.8,2.36999999999989
901,107,2541.22,2.42000000000007
902,108,2543.65,2.43000000000029
903,108,2546.13,2.47999999999956
904,108,2548.61,2.48000000000002
905,109,2551.14,2.5300000000002
906,107,2553.68,2.53999999999996
907,107,2556.26,2.57999999999993
908,108,2558.87,2.61000000000013
909,108,2561.49,2.61999999999989
910,108,2564.36,2.86999999999989
911,107,2567.29,2.93000000000029
912,108,2570.25,2.95999999999958
913,108,2573.23,2.98000000000002
914,108,2576.22,2.99000000000024
915,108,2579.24,3.01999999999998
916,107,2582.25,3.00999999999976
917,108,2585.27,3.02000000000044
918,108,2588.29,3.01999999999998
919,108,2591.31,3.01999999999953
920,108,2594.32,3.01000000000022
921,111,2597.35,3.02999999999975
922,111,2600.38,3.03000000000065
923,111,2603.38,2.99999999999955
924,112,2606.39,3.01000000000022
925,112,2609.34,2.94999999999982
926,115,2612.3,2.96000000000004
927,115,2615.23,2.93000000000029
928,115,2618.15,2.92000000000007
929,115,2621.06,2.90999999999985
930,116,2623.96,2.90000000000009
931,119,2626.85,2.88999999999942
932,119,2629.75,2.90000000000009
933,119,2632.64,2.89000000000033
934,120,2635.56,2.92000000000007
935,120,2638.51,2.94999999999982
936,121,2641.48,2.9699999999998
937,121,2644.48,3
938,122,2647.51,3.0300000000002
939,122,2650.56,3.04999999999973
940,122,2653.61,3.05000000000018
941,124,2656.65,3.04000000000042
942,124,2659.67,3.01999999999953
943,125,2662.65,2.98000000000002
944,125,2665.57,2.92000000000007
945,131,2668.47,2.90000000000009
946,131,2671.37,2.89999999999964
947,131,2674.25,2.88000000000056
948,131,2677.09,2.83999999999969
949,131,2679.92,2.82999999999993
950,131,2682.7,2.7800000000002
951,136,2685.44,2.73999999999978
952,136,2688.17,2.73000000000047
953,136,2690.88,2.71000000000004
954,136,2693.57,2.6899999999996
955,136,2696.25,2.67999999999984
956,136,2698.93,2.68000000000029
957,136,2701.58,2.65000000000009
958,136,2704.24,2.65999999999985
959,136,2706.9,2.65999999999985
960,136,2709.57,2.67000000000007
961,136,2709.57,
962,146,2709.57,
963,146,2709.57,
964,146,2709.57,
965,146,2709.57,
966,146,2709.57,
967,152,2709.57,
968,152,2709.57,
969,152,2709.57,
970,152,2709.57,
971,152,2709.57,
972,152,2709.57,
973,152,2709.57,
974,152,2709.57,
975,152,2709.57,
976,152,2709.57,
977,150,2712.24,2.67000000000007
978,150,2714.93,2.69000000000005
979,150,2717.62,2.69000000000005
980,150,2720.33,2.70999999999958
981,150,2723.03,2.70000000000027
982,142,2725.7,2.67000000000007
983,142,2728.37,2.67000000000007
984,142,2731.03,2.65999999999985
985,142,2733.68,2.65000000000009
986,142,2736.32,2.63999999999987
987,150,2738.96,2.63999999999987
988,151,2741.6,2.63999999999987
989,151,2744.24,2.64000000000033
990,151,2746.88,2.64000000000033
991,151,2749.52,2.63999999999987
992,157,2752.16,2.63999999999987
993,157,2754.8,2.63999999999987
994,157,2757.44,2.64000000000033
995,157,2760.08,2.63999999999987
996,157,2762.72,2.63999999999987
997,159,2765.36,2.63999999999987
998,159,2768,2.64000000000033
999,159,2770.64,2.63999999999987
1000,159,2773.28,2.63999999999987
1001,159,2775.93,2.65000000000009
1002,163,2778.57,2.63999999999987
1003,163,2781.21,2.63999999999987
1004,163,2783.83,2.61999999999989
1005,163,2786.47,2.64000000000033
1006,163,2789.11,2.64000000000033
1007,153,2791.75,2.63999999999987
1008,153,2794.38,2.62999999999965
1009,153,2797.01,2.63000000000011
1010,153,2799.64,2.63000000000011
1011,153,2802.28,2.63999999999987
1012,158,2804.93,2.65000000000009
1013,158,2807.57,2.63999999999987
1014,158,2810.23,2.65999999999985
1015,158,2812.89,2.66000000000031
1016,158,2815.52,2.63000000000011
1017,166,2818.16,2.63999999999987
1018,166,2820.81,2.65000000000009
1019,166,2823.45,2.63999999999987
1020,166,2826.1,2.65000000000009
1021,166,2828.76,2.65999999999985
1022,174,2831.43,2.67000000000007
1023,174,2834.08,2.64999999999964
1024,174,2836.75,2.67000000000053
1025,174,2839.41,2.65999999999985
1026,174,2842.07,2.65999999999985
1027,174,2844.73,2.65999999999985
1028,174,2847.38,2.65000000000009
1029,174,2850.02,2.64000000000033
1030,174,2852.69,2.67000000000007
1031,174,2855.37,2.67999999999984
1032,179,2858.08,2.71000000000004
1033,179,2860.78,2.69999999999982
1034,179,2863.5,2.7199999999998
1035,179,2866.24,2.74000000000024
1036,179,2868.96,2.72000000000025
1037,180,2871.66,2.69999999999982
1038,180,2874.39,2.73000000000002
1039,180,2877.11,2.7199999999998
1040,180,2879.83,2.7199999999998
1041,180,2882.56,2.73000000000047
1042,180,2885.28,2.7199999999998
1043,176,2888.01,2.73000000000002
1044,176,2890.76,2.75
1045,176,2893.51,2.75
1046,176,2896.28,2.76999999999998
1047,176,2899.05,2.76999999999998
1048,174,2901.82,2.76999999999998
1049,174,2904.61,2.79000000000042
1050,174,2907.41,2.79999999999927
1051,174,2910.21,2.80000000000018
1052,174,2913,2.79000000000042
1053,175,2915.79,2.78999999999996
1054,175,2918.59,2.79999999999973
1055,175,2921.39,2.80000000000018
1056,175,2924.19,2.80000000000018
1057,175,2927,2.80999999999949
1058,172,2929.81,2.8100000000004
1059,172,2932.62,2.80999999999995
1060,172,2935.44,2.81999999999971
1061,172,2938.25,2.80999999999995
1062,172,2941.06,2.8100000000004
1063,176,2943.88,2.81999999999971
1064,176,2946.71,2.83000000000038
1065,176,2949.5,2.78999999999996
1066,176,2952.29,2.78999999999951
1067,176,2955.07,2.7800000000002
1068,173,2957.9,2.83000000000038
1069,173,2960.75,2.84999999999991
1070,173,2963.5,2.75
1071,173,2966.11,2.60999999999967
1072,173,2968.57,2.46000000000004
1073,158,2971.07,2.5
1074,158,2973.63,2.5600000000004
1075,158,2976.17,2.53999999999951
1076,158,2978.78,2.61000000000058
1077,158,2981.39,2.60999999999967
1078,160,2984,2.61000000000013
1079,160,2986.6,2.59999999999991
1080,160,2989.19,2.58999999999969
1081,160,2991.77,2.58000000000038
1082,160,2994.35,2.57999999999993
1083,160,2996.93,2.57999999999993
1084,160,2999.5,2.57000000000016
1084.192,160,3000,2.6041666666642
1085,160,3002.11,2.61138613861404
1086,160,3004.7,2.59000000000015
1087,160,3007.31,2.61000000000013
1088,157,3009.92,2.60999999999967
1089,157,3012.51,2.59000000000015
1090,157,3015.07,2.55999999999995
1091,157,3017.62,2.55000000000018
1092,157,3020.15,2.52999999999975
1093,168,3022.66,2.51000000000022
1094,168,3025.14,2.48000000000002
1095,168,3027.61,2.4699999999998
1096,168,3030.05,2.44000000000005
1097,168,3032.49,2.44000000000005
1098,172,3034.92,2.42999999999984
1099,172,3037.32,2.40000000000009
1100,172,3039.73,2.40999999999985
1101,172,3042.13,2.40000000000009
1102,172,3044.53,2.40000000000009
1103,174,3046.95,2.42000000000007
1104,174,3049.39,2.44000000000005
1105,174,3051.83,2.44000000000005
1106,174,3054.29,2.46000000000004
1107,174,3056.77,2.48000000000002
1108,169,3059.25,2.48000000000002
1109,169,3061.75,2.5
1110,169,3064.26,2.50999999999976
1111,169,3066.78,2.51999999999998
1112,169,3069.32,2.53999999999996
1113,170,3071.86,2.53999999999996
1114,170,3074.42,2.5600000000004
1115,170,3076.98,2.55999999999995
1116,170,3079.54,2.55999999999949
1117,170,3082.14,2.60000000000036
1118,171,3084.75,2.60999999999967
1119,171,3087.38,2.63000000000056
1120,171,3090.03,2.64999999999964
1121,171,3092.73,2.70000000000027
1122,171,3095.47,2.73999999999978
1123,171,3098.25,2.77999999999975
1124,171,3101.04,2.79000000000042
1125,175,3103.87,2.82999999999993
1126,175,3106.69,2.82000000000016
1127,175,3109.51,2.81999999999971
1128,175,3112.36,2.84999999999991
1129,175,3115.21,2.84999999999991
1130,177,3118.07,2.86000000000013
1131,177,3120.94,2.86999999999989
1132,177,3123.81,2.87000000000035
1133,177,3126.68,2.86999999999989
1134,177,3129.55,2.86999999999989
1135,177,3132.43,2.88000000000011
1136,177,3135.31,2.87999999999965
1137,177,3138.19,2.88000000000011
1138,177,3141.08,2.88999999999987
1138,177,3141.08,
1139,177,3144,2.92000000000007
1140,176,3146.89,2.89000000000033
1141,176,3149.76,2.86999999999989
1142,176,3152.62,2.86000000000013
1143,176,3155.44,2.82000000000016
1144,176,3158.27,2.82999999999993
1145,175,3161.1,2.82999999999993
1146,175,3163.94,2.83999999999969
1147,175,3166.82,2.88000000000056
1148,175,3169.73,2.90999999999985
1149,175,3172.64,2.90999999999985
1150,173,3175.58,2.9399999999996
1151,173,3178.54,2.96000000000049
1152,173,3181.51,2.9699999999998
1153,173,3184.48,2.9699999999998
1154,173,3187.46,2.98000000000002
1155,174,3190.41,2.95000000000027
1156,174,3193.37,2.96000000000004
1157,174,3196.33,2.95999999999958
1158,174,3199.31,2.98000000000002
1159,174,3202.29,2.98000000000002
1160,172,3205.28,2.99000000000024
1161,172,3208.3,3.01999999999998
1162,172,3211.32,3.01999999999998
1163,172,3214.33,3.01000000000022
1164,172,3217.32,2.99000000000024
1165,172,3220.28,2.95999999999958
1166,172,3223.21,2.93000000000029
1167,172,3226.14,2.92999999999984
1168,172,3229.05,2.91000000000031
1169,172,3231.94,2.88999999999942
1170,171,3234.82,2.88000000000056
1171,171,3237.73,2.90999999999985
1172,171,3239.75,2.01999999999998
1173,171,3241.81,2.05999999999949
1174,171,3243.93,2.12000000000035
1175,167,3246.11,2.17999999999984
1176,167,3248.32,2.21000000000004
1177,167,3250.55,2.23000000000002
1178,167,3252.79,2.23999999999978
1179,167,3255.06,2.27000000000044
1180,170,3257.34,2.27999999999975
1181,170,3259.62,2.2800000000002
1182,170,3261.94,2.31999999999971
1183,170,3264.28,2.34000000000015
1184,170,3266.62,2.33999999999969
1185,174,3268.98,2.36000000000058
1186,174,3271.36,2.37999999999965
1187,174,3273.78,2.42000000000007
1188,174,3276.19,2.40999999999985
1189,174,3278.63,2.44000000000005
1190,174,3281.09,2.46000000000004
1191,174,3283.57,2.48000000000002
1192,174,3286.05,2.48000000000002
1193,174,3288.53,2.48000000000002
1194,174,3291.03,2.5
1195,174,3293.53,2.5
1196,174,3296.03,2.50000000000045
1197,174,3298.57,2.53999999999951
1198,174,3301.1,2.5300000000002
1199,174,3303.62,2.51999999999998
1200,174,3306.15,2.52999999999975
1201,174,3308.69,2.54000000000042
1202,174,3311.24,2.54999999999973
1203,174,3313.77,2.5300000000002
1204,174,3316.31,2.53999999999951
1205,174,3318.88,2.57000000000016
1206,174,3321.46,2.57999999999993
1207,174,3324.05,2.59000000000015
1208,174,3326.64,2.59000000000015
1209,174,3329.25,2.61000000000013
1210,174,3331.86,2.60999999999967
1211,174,3334.46,2.60000000000036
1212,174,3337.04,2.57999999999993
1213,174,3339.66,2.61999999999989
1214,174,3342.28,2.61999999999989
1215,174,3344.91,2.63000000000011
1216,172,3347.55,2.64000000000033
1217,172,3350.18,2.62999999999965
1218,172,3352.8,2.61999999999989
1219,172,3355.42,2.61999999999989
1220,172,3358.02,2.60000000000036
1221,172,3360.63,2.61000000000013
1222,172,3363.26,2.62999999999965
1223,172,3365.89,2.63000000000011
1224,172,3368.52,2.62999999999965
1225,172,3371.15,2.63000000000011
1226,175,3373.78,2.63000000000056
1227,175,3376.39,2.60999999999967
1228,175,3379,2.61000000000013
1229,175,3381.6,2.59999999999991
1230,175,3384.16,2.55999999999949
1231,174,3386.72,2.5600000000004
1232,174,3389.28,2.55999999999995
1233,174,3391.82,2.53999999999996
1234,174,3394.33,2.50999999999976
1235,174,3396.86,2.5300000000002
1236,173,3399.36,2.5
1237,173,3401.86,2.5
1238,173,3404.36,2.50000000000045
1239,173,3406.83,2.4699999999998
1240,173,3409.31,2.47999999999956
1241,178,3411.78,2.47000000000025
1242,178,3414.25,2.47000000000025
1243,178,3416.69,2.44000000000005
1244,178,3419.14,2.44999999999936
1245,178,3421.57,2.43000000000075
1246,178,3424.02,2.44999999999936
1247,179,3426.49,2.47000000000025
1248,179,3428.95,2.46000000000004
1249,179,3431.41,2.45999999999958
1250,179,3433.87,2.46000000000049
1251,179,3436.35,2.48000000000002
1252,178,3438.82,2.4699999999998
1253,178,3441.3,2.48000000000047
1254,178,3443.8,2.5
1255,178,3446.32,2.51999999999998
1256,178,3448.86,2.53999999999951
1257,179,3451.4,2.54000000000042
1258,179,3453.96,2.55999999999995
1259,179,3456.53,2.56999999999971
1260,179,3459.07,2.53999999999996
1261,179,3461.61,2.53999999999996
1262,179,3464.14,2.5300000000002
1263,179,3466.64,2.5
1264,179,3469.15,2.51000000000022
1265,179,3471.66,2.50999999999976
1266,179,3474.17,2.51000000000022
1267,179,3476.68,2.50999999999976
1268,179,3479.18,2.5
1269,179,3481.7,2.51999999999998
1270,179,3484.22,2.51999999999998
1271,179,3486.74,2.51999999999998
1272,177,3489.27,2.5300000000002
1273,177,3491.8,2.5300000000002
1274,177,3494.33,2.52999999999975
1275,177,3496.86,2.52999999999975
1276,177,3499.38,2.52000000000044
1277,175,3501.92,2.53999999999951
1278,175,3504.45,2.5300000000002
1279,175,3507,2.54999999999973
1280,175,3509.56,2.5600000000004
1281,175,3512.11,2.54999999999973
1282,175,3514.68,2.57000000000016
1283,175,3517.25,2.56999999999971
1284,175,3519.82,2.57000000000016
1285,175,3522.42,2.60000000000036
1286,175,3525,2.57999999999993
1287,175,3527.58,2.57999999999993
1288,175,3530.16,2.57999999999993
1289,175,3532.76,2.59999999999991
1290,175,3535.36,2.59999999999991
1291,175,3538,2.64000000000033
1292,174,3540.66,2.65999999999985
1293,174,3543.34,2.67999999999984
1294,174,3546.03,2.69000000000051
1295,174,3548.71,2.67999999999938
1296,174,3551.49,2.7800000000002
1297,170,3554.26,2.76999999999998
1298,170,3557.05,2.78999999999996
1299,170,3559.84,2.78999999999996
1300,170,3562.64,2.80000000000018
1301,170,3565.45,2.80999999999995
1302,170,3568.26,2.80999999999995
1303,170,3571.07,2.80999999999995
1304,170,3573.9,2.82999999999993
1305,170,3576.73,2.83000000000038
1306,170,3579.56,2.82999999999993
1307,169,3582.39,2.82999999999993
1308,169,3585.21,2.82000000000016
1309,169,3588.03,2.81999999999971
1310,169,3590.86,2.82999999999993
1311,169,3593.68,2.82000000000016
1312,169,3596.51,2.82999999999993
1313,169,3599.32,2.80999999999995
1314,169,3602.13,2.80999999999995
1315,169,3604.93,2.80000000000018
1316,169,3607.72,2.78999999999996
1317,169,3610.5,2.7800000000002
1318,169,3613.26,2.75999999999976
1319,169,3616.03,2.76999999999998
1320,169,3618.79,2.75999999999976
1321,169,3621.56,2.76999999999998
1322,167,3624.32,2.76000000000067
1323,167,3627.09,2.76999999999953
1324,167,3629.86,2.76999999999998
1325,167,3632.64,2.7800000000002
1326,167,3635.43,2.78999999999996
1327,167,3638.23,2.80000000000018
1328,167,3641.06,2.82999999999993
1329,171,3643.89,2.82999999999993
1330,171,3646.71,2.81999999999971
1331,171,3649.57,2.86000000000013
1332,171,3652.43,2.86000000000013
1333,171,3655.29,2.86000000000013
1334,174,3658.16,2.86999999999944
1335,174,3661.03,2.87000000000035
1336,174,3663.92,2.89000000000033
1337,174,3666.82,2.90000000000009
1338,174,3669.73,2.90999999999985
1339,171,3672.66,2.92999999999984
1340,171,3675.58,2.92000000000007
1341,171,3678.5,2.91999999999962
1342,171,3681.39,2.89000000000033
1343,171,3684.28,2.88999999999987
1344,169,3687.17,2.89000000000033
1345,169,3690.05,2.87999999999965
1346,169,3692.94,2.88999999999987
1347,169,3695.82,2.88000000000011
1348,169,3698.71,2.88999999999987
1349,172,3701.59,2.88000000000056
1350,172,3704.47,2.87999999999965
1351,172,3707.35,2.88000000000011
1352,172,3710.22,2.87000000000035
1353,172,3713.1,2.87999999999965
1354,174,3715.96,2.86000000000013
1355,174,3718.8,2.83999999999969
1356,174,3721.64,2.84000000000015
1357,174,3724.47,2.82999999999993
1358,174,3727.31,2.83999999999969
1359,172,3730.12,2.8100000000004
1360,172,3732.93,2.8100000000004
1361,172,3735.75,2.81999999999971
1362,172,3738.56,2.80999999999949
1363,172,3741.37,2.8100000000004
1364,171,3744.16,2.78999999999996
1365,171,3746.95,2.78999999999996
1366,171,3749.74,2.79000000000042
1367,171,3752.53,2.78999999999951
1368,171,3755.32,2.78999999999996
1369,171,3758.11,2.78999999999996
1370,171,3760.91,2.80000000000018
1371,171,3763.71,2.79999999999973
1372,171,3766.51,2.80000000000018
1373,171,3769.32,2.8100000000004
1374,170,3772.12,2.79999999999973
1375,170,3774.93,2.80999999999995
1376,170,3777.75,2.81999999999971
1377,170,3780.56,2.8100000000004
1378,170,3783.4,2.84000000000015
1379,169,3786.24,2.83999999999969
1380,169,3789.1,2.86000000000013
1381,169,3791.96,2.86000000000013
1382,169,3794.86,2.89999999999964
1383,169,3797.78,2.92000000000007
1384,169,3800.7,2.92000000000007
1385,169,3803.65,2.94999999999982
1386,169,3806.6,2.95000000000027
1387,169,3809.54,2.9399999999996
1388,169,3812.46,2.92000000000007
1389,170,3815.38,2.92000000000007
1390,170,3818.27,2.89000000000033
1391,170,3821.15,2.87999999999965
1392,170,3824.01,2.86000000000013
1393,170,3826.88,2.87000000000035
1394,170,3829.72,2.83999999999969
1395,170,3832.55,2.82999999999993
1396,170,3835.39,2.84000000000015
1397,170,3838.22,2.82999999999993
1398,170,3841.05,2.83000000000038
1399,170,3843.88,2.82999999999993
1400,170,3846.71,2.82999999999993
1401,170,3849.55,2.83999999999969
1402,170,3852.39,2.84000000000015
1403,170,3855.22,2.83000000000038
1404,170,3858.05,2.82999999999993
1405,170,3860.86,2.80999999999949
1406,170,3863.68,2.82000000000016
1407,170,3866.5,2.82000000000016
1408,170,3869.32,2.82000000000016
1409,170,3872.15,2.82999999999993
1410,170,3874.98,2.82999999999993
1411,170,3877.81,2.82999999999993
1412,170,3880.66,2.84999999999991
1413,170,3883.51,2.84999999999991
1414,170,3886.39,2.88000000000011
1415,173,3889.26,2.86999999999989
1416,173,3892.16,2.90000000000009
1417,173,3895.04,2.88000000000011
1418,173,3897.93,2.88999999999987
1419,173,3900.81,2.88000000000011
1420,174,3903.67,2.86000000000013
1421,174,3906.52,2.84999999999991
1422,174,3909.37,2.84999999999991
1423,174,3912.2,2.82999999999993
1424,174,3915.03,2.82999999999993
1425,175,3917.86,2.82999999999993
1426,175,3920.7,2.8400000000006
1427,175,3923.51,2.80999999999949
1428,175,3926.33,2.82000000000016
1429,175,3929.15,2.82000000000016
1430,175,3931.97,2.81999999999971
1431,175,3934.79,2.82000000000016
1432,175,3937.61,2.81999999999971
1433,175,3940.42,2.8100000000004
1434,175,3943.21,2.78999999999951
1435,175,3946,2.78999999999996
1435,175,3946,
1436,175,3948.79,2.79000000000042
1437,175,3951.57,2.77999999999975
1438,175,3954.33,2.75999999999976
1439,175,3957.1,2.77000000000044
1440,175,3959.85,2.75
1441,175,3962.59,2.74000000000024
1442,175,3965.33,2.73999999999978
1443,175,3968.05,2.7199999999998
1444,175,3970.75,2.69999999999982
1445,174,3973.44,2.69000000000051
1446,174,3976.12,2.67999999999984
1447,174,3978.8,2.67999999999984
1448,174,3981.48,2.68000000000029
1449,174,3984.16,2.67999999999984
1450,174,3986.84,2.68000000000029
1451,174,3989.5,2.65999999999985
1452,174,3992.14,2.63999999999987
1453,174,3994.79,2.65000000000009
1454,174,3997.42,2.63000000000011
1454.985,174,4000,2.61928934010125
1455,174,4000.04,2.66666666667677
1456,174,4002.68,2.64000000000033
1457,174,4005.29,2.60999999999967
1458,174,4007.91,2.62000000000035
1459,174,4010.53,2.61999999999944
1460,173,4013.14,2.60999999999967
1461,173,4015.76,2.62000000000035
1462,173,4018.38,2.62000000000035
1463,173,4020.98,2.59999999999991
1464,173,4023.58,2.59999999999945
1465,171,4026.19,2.61000000000058
1466,171,4028.8,2.60999999999967
1467,171,4031.41,2.61000000000013
1468,171,4034.03,2.62000000000035
1469,171,4036.64,2.60999999999967
1470,173,4039.26,2.62000000000035
1471,173,4041.88,2.61999999999944
1472,173,4044.49,2.61000000000058
1473,173,4047.09,2.59999999999991
1474,173,4049.69,2.59999999999945
1475,171,4052.29,2.59999999999991
1476,171,4054.89,2.60000000000036
1477,171,4057.49,2.60000000000036
1478,171,4060.08,2.58999999999924
1479,171,4062.68,2.60000000000036
1480,171,4065.27,2.58999999999969
1481,171,4067.87,2.59999999999991
1482,171,4070.5,2.63000000000011
1483,171,4073.16,2.66000000000076
1484,171,4075.84,2.67999999999938
1485,171,4078.53,2.69000000000051
1486,171,4081.22,2.6899999999996
1487,171,4083.92,2.69999999999982
1488,171,4086.62,2.69999999999982
1489,171,4089.32,2.70000000000073
1490,171,4092.05,2.72999999999956
1491,173,4094.76,2.70999999999958
1492,173,4097.48,2.7199999999998
1493,173,4100.18,2.70000000000073
1494,173,4102.91,2.73000000000047
1495,173,4105.61,2.69999999999982
1496,172,4108.33,2.72000000000025
1497,172,4111.06,2.72999999999956
1498,172,4113.79,2.73000000000047
1499,172,4116.52,2.72999999999956
1500,172,4119.24,2.72000000000025
1501,173,4121.93,2.69000000000051
1502,173,4124.62,2.68999999999869
1503,173,4127.31,2.69000000000051
1504,173,4130.02,2.71000000000004
1505,173,4132.74,2.71999999999935
1506,171,4135.5,2.76000000000022
1507,171,4138.3,2.80000000000018
1508,171,4141.14,2.84000000000015
1509,171,4143.99,2.85000000000036
1510,171,4146.85,2.85999999999967
1511,171,4149.73,2.8799999999992
1512,171,4152.61,2.88000000000102
1513,171,4155.53,2.92000000000007
1514,171,4158.44,2.90999999999985
1515,171,4161.36,2.92000000000007
1516,170,4164.28,2.92000000000007
1517,170,4167.22,2.9399999999996
1518,170,4170.16,2.9399999999996
1519,170,4173.1,2.94000000000051
1520,170,4176.07,2.97000000000025
1521,170,4179.06,2.98999999999978
1522,170,4182.05,2.98999999999978
1523,170,4185.04,2.99000000000069
1524,170,4188.04,2.99999999999909
1525,170,4191.04,3
1526,171,4194.05,3.01000000000113
1527,171,4197.07,3.01999999999862
1528,171,4200.1,3.03000000000065
1529,171,4203.14,3.03999999999996
1530,171,4206.18,3.03999999999996
1531,170,4209.23,3.05000000000018
1532,170,4212.28,3.05000000000018
1533,170,4215.33,3.05000000000018
1534,170,4218.38,3.05000000000018
1535,170,4221.41,3.02999999999975
1536,169,4224.45,3.03999999999905
1537,169,4227.48,3.02999999999975
1538,169,4230.51,3.03000000000065
1539,169,4233.55,3.03999999999996
1540,169,4236.59,3.03999999999996
1541,170,4239.61,3.02000000000044
1542,170,4242.63,3.01999999999953
1543,170,4245.65,3.02000000000044
1544,170,4248.67,3.02000000000044
1545,170,4251.69,3.01999999999862
1546,174,4254.71,3.02000000000044
1547,174,4257.71,3
1548,174,4260.71,3
1549,174,4263.7,2.98999999999978
1550,174,4266.67,2.97000000000025
1551,175,4269.66,2.98999999999978
1552,175,4272.64,2.98000000000047
1553,175,4275.64,3
1554,175,4278.66,3.02000000000044
1555,175,4281.68,3.01999999999953
1556,179,4284.71,3.02999999999975
1557,179,4287.74,3.03000000000065
1558,179,4290.76,3.01999999999953
1559,179,4293.78,3.01999999999953
1560,179,4296.8,3.02000000000044
1561,177,4299.82,3.02000000000044
1562,177,4302.82,3
1563,177,4305.82,3
1564,177,4308.83,3.00999999999931
1565,177,4311.86,3.03000000000065
1566,177,4314.88,3.01999999999953
1567,176,4317.9,3.02000000000044
1568,176,4320.93,3.02999999999975
1569,176,4323.98,3.05000000000018
1570,176,4327.02,3.03999999999996
1571,176,4330.07,3.04999999999927
1572,177,4333.12,3.05000000000018
1573,177,4336.18,3.0600000000004
1574,177,4339.25,3.07000000000062
1575,177,4342.32,3.0699999999988
1576,177,4345.41,3.09000000000015
1577,178,4348.5,3.09000000000105
1578,178,4351.6,3.09999999999945
1579,178,4354.68,3.07999999999993
1580,178,4357.76,3.08000000000084
1581,178,4360.83,3.0699999999988
1582,176,4363.9,3.07000000000062
1583,176,4366.96,3.0600000000004
1584,176,4370.01,3.04999999999927
1585,176,4373.06,3.05000000000018
1586,176,4376.11,3.05000000000018
1587,176,4379.17,3.05999999999949
1588,176,4382.2,3.02999999999975
1589,176,4385.22,3.02000000000044
1590,176,4388.25,3.02999999999975
1591,176,4391.27,3.02000000000044
1592,175,4394.28,3.00999999999931
1593,175,4397.28,3.00000000000091
1594,175,4400.28,3
1595,175,4403.28,3
1596,175,4406.25,2.96999999999935
1597,175,4409.21,2.96000000000095
1598,175,4412.15,2.9399999999996
1599,175,4415.09,2.9399999999996
1600,175,4418,2.90999999999985
1601,175,4420.89,2.89000000000033
1602,175,4423.78,2.89000000000033
1603,175,4426.65,2.86999999999989
1604,175,4429.5,2.84999999999945
1605,175,4432.35,2.85000000000036
1606,175,4435.18,2.83000000000084
1607,175,4437.98,2.79999999999927
1608,175,4440.79,2.8100000000004
1609,175,4443.61,2.81999999999971
1610,175,4446.41,2.79999999999927
1611,175,4449.25,2.84000000000015
1612,175,4452.08,2.83000000000084
1613,175,4454.93,2.84999999999945
1614,175,4457.78,2.85000000000036
1615,175,4460.63,2.84999999999945
1616,175,4463.44,2.8100000000004
1617,175,4466.25,2.8100000000004
1618,175,4469.07,2.81999999999971
1619,175,4471.86,2.78999999999996
1620,175,4474.64,2.77999999999975
1621,175,4477.43,2.78999999999996
1622,175,4480.19,2.76000000000022
1623,175,4482.95,2.76000000000022
1624,175,4485.71,2.75999999999931
1625,175,4488.46,2.75000000000091
1626,175,4491.22,2.75999999999931
1627,175,4493.96,2.73999999999978
1628,175,4496.68,2.72000000000025
1629,175,4499.41,2.72999999999956
1630,175,4502.14,2.73000000000047
1631,175,4504.85,2.71000000000004
1632,175,4507.57,2.72000000000025
1633,175,4510.32,2.74999999999909
1634,175,4513.05,2.73000000000138
1635,175,4515.78,2.72999999999956
1636,175,4518.51,2.72999999999956
1637,175,4521.25,2.73999999999978
1638,174,4523.98,2.73000000000047
1639,174,4526.71,2.72999999999956
1640,174,4529.45,2.74000000000069
1641,174,4532.19,2.73999999999887
1642,174,4534.91,2.72000000000025
1643,174,4537.63,2.72000000000025
1644,174,4540.35,2.72000000000025
1645,174,4543.07,2.71999999999935
1646,174,4545.76,2.69000000000051
1647,174,4548.46,2.69999999999982
1648,175,4551.14,2.68000000000029
1649,175,4553.81,2.67000000000007
1650,175,4556.47,2.65999999999985
1651,175,4559.14,2.67000000000007
1652,175,4561.79,2.64999999999964
1653,176,4564.46,2.67000000000007
1654,176,4567.14,2.68000000000029
1655,176,4569.8,2.66000000000076
1656,176,4572.46,2.65999999999894
1657,176,4575.13,2.67000000000098
1658,173,4577.78,2.64999999999964
1659,173,4580.44,2.65999999999985
1660,173,4583.1,2.65999999999985
1661,173,4585.75,2.64999999999964
1662,173,4588.41,2.66000000000076
1663,173,4591.09,2.67999999999938
1664,173,4593.77,2.68000000000029
1665,173,4596.45,2.68000000000029
1666,173,4599.13,2.68000000000029
1667,173,4601.81,2.67999999999938
1668,174,4604.5,2.69000000000051
1669,174,4607.21,2.70999999999913
1670,174,4609.93,2.72000000000025
1671,174,4612.68,2.75
1672,174,4615.42,2.73999999999978
1673,172,4618.18,2.76000000000022
1674,172,4620.98,2.80000000000018
1675,172,4623.81,2.82999999999993
1676,172,4626.64,2.82999999999993
1677,172,4629.5,2.85999999999967
1678,174,4632.39,2.89000000000033
1679,174,4635.29,2.89999999999964
1680,174,4638.22,2.93000000000029
1681,174,4641.18,2.96000000000004
1682,174,4644.16,2.97999999999956
1683,174,4647.14,2.98000000000047
1684,174,4650.13,2.99000000000069
1685,174,4653.12,2.98999999999978
1686,174,4656.11,2.98999999999887
1687,174,4659.11,3
1688,173,4662.11,3.00000000000091
1689,173,4665.11,3
1690,173,4668.1,2.98999999999978
1691,173,4671.09,2.98999999999978
1692,173,4674.09,3
1693,175,4677.09,3.00000000000091
1694,175,4680.09,3
1695,175,4683.1,3.00999999999931
1696,175,4686.08,2.98000000000047
1697,175,4689.06,2.97999999999956
1698,175,4692.04,2.98000000000047
1699,175,4695.03,2.98999999999887
1700,175,4698.01,2.98000000000047
1701,175,4700.98,2.97000000000025
1702,175,4703.94,2.96000000000004
1703,177,4706.88,2.9399999999996
1704,177,4709.82,2.94000000000051
1705,177,4712.78,2.96000000000004
1706,177,4715.73,2.94999999999982
1707,177,4718.67,2.9399999999996
1708,175,4721.61,2.9399999999996
1709,175,4724.56,2.95000000000073
1710,175,4727.5,2.9399999999996
1711,175,4730.44,2.94000000000051
1712,175,4733.36,2.92000000000007
1713,175,4736.28,2.92000000000007
1714,175,4739.2,2.92000000000007
1715,175,4742.12,2.92000000000007
1716,175,4745.03,2.90999999999985
1717,175,4747.96,2.92999999999938
1718,178,4750.88,2.92000000000007
1719,178,4753.77,2.89000000000033
1720,178,4756.69,2.92000000000007
1720,178,4756.69,
1721,178,4759.63,2.9399999999996
1722,178,4762.55,2.92000000000007
1723,180,4765.46,2.90999999999985
1724,180,4768.34,2.88000000000011
1725,180,4771.18,2.84000000000015
1726,180,4774,2.81999999999971
1727,180,4776.78,2.78000000000065
1728,180,4779.53,2.75
1729,180,4782.29,2.76000000000022
1730,180,4785.06,2.76999999999953
1731,180,4787.82,2.75999999999931
1732,180,4790.59,2.77000000000135
1733,178,4793.36,2.76999999999953
1734,178,4796.13,2.77000000000044
1735,178,4798.9,2.76999999999953
1736,178,4801.68,2.77999999999975
1737,178,4804.45,2.76999999999953
1738,177,4807.24,2.78999999999996
1739,177,4810,2.76000000000113
1740,177,4812.76,2.76000000000022
1741,177,4815.48,2.71999999999844
1742,177,4818.18,2.70000000000164
1743,177,4820.87,2.68999999999869
1744,177,4823.57,2.69999999999982
1745,177,4826.27,2.70000000000073
1746,177,4828.97,2.69999999999982
1747,177,4831.71,2.73999999999978
1748,177,4834.46,2.75
1749,177,4837.22,2.76000000000022
1750,177,4840,2.78000000000065
1751,177,4842.78,2.77999999999975
1752,177,4845.55,2.76999999999953
1753,177,4848.32,2.77000000000044
1754,177,4851.1,2.77999999999975
1755,177,4853.87,2.77000000000044
1756,177,4856.64,2.76999999999953
1757,177,4859.44,2.80000000000018
1758,177,4862.24,2.80000000000018
1759,177,4865.06,2.81999999999971
1760,177,4867.87,2.8100000000004
1761,177,4870.71,2.84000000000015
1762,177,4873.54,2.82999999999902
1763,177,4876.39,2.85000000000036
1764,177,4879.25,2.86000000000058
1765,177,4882.12,2.86999999999989
1766,177,4884.99,2.86999999999898
1767,177,4887.86,2.8700000000008
1768,177,4890.7,2.84000000000015
1769,177,4893.54,2.84000000000015
1770,177,4896.4,2.85999999999967
1771,177,4899.39,2.98999999999978
1772,177,4902.4,3.00999999999931
1773,177,4905.49,3.09000000000105
1774,177,4908.63,3.13999999999942
1775,177,4911.81,3.18000000000029
1776,177,4914.96,3.15000000000055
1777,177,4918.08,3.11999999999989
1778,177,4921.15,3.06999999999971
1779,177,4924.18,3.02999999999975
1780,177,4926.9,2.72000000000025
1782,177,4931.47,2.28499999999985
1784,177,,
1784,177,,
